"A";"B";"C";"D";"E";"F";"G";"H";"I";"J";"K";"L";"M";"N";"O"
"id";"MeetingName";"Date";"Time";"DateTime";"Contact";"PageURL";"AgendaHTML";"AgendaPDF";"ActionSummaryHTML";"ActionSummaryPDF";"MinutesHTML";"MinutesPDF";"VideoLink";"MeetID"
"1";"Information Technology Sub-Committee";"2012-Jun-18";"9:30 AM";"2012-Jun-18 - 9:30 AM";"Melody Duffenais613-580-2424 x20113
                Email: Melody.Duffenais@ottawa.ca";"http://app05.ottawa.ca/sirepub/meetresults.aspx?view=Search&startdate=2012-Jun-18&enddate=2013-Feb-23";"http://app05.ottawa.ca/sirepub/mtgviewer.aspx?meetid=1927&doctype=AGENDA";"http://app05.ottawa.ca/sirepub/view.aspx?cabinet=published_meetings&doctype=AGENDA&folderid=2491";"http://app05.ottawa.ca/sirepub/mtgviewer.aspx?meetid=1927&doctype=SUMMARY";"http://app05.ottawa.ca/sirepub/view.aspx?cabinet=published_meetings&doctype=SUMMARY&folderid=2491";"http://app05.ottawa.ca/sirepub/mtgviewer.aspx?meetid=1927&doctype=MINUTES";"http://app05.ottawa.ca/sirepub/view.aspx?cabinet=published_meetings&doctype=MINUTES&folderid=2491";NULL;"1927"
"2";"Environment Committee";"2012-Jun-19";"9:30 AM";"2012-Jun-19 - 9:30 AM";"no contact";"http://app05.ottawa.ca/sirepub/meetresults.aspx?view=Search&startdate=2012-Jun-18&enddate=2013-Feb-23";"http://app05.ottawa.ca/sirepub/mtgviewer.aspx?meetid=2407&doctype=AGENDA";"http://app05.ottawa.ca/sirepub/view.aspx?cabinet=published_meetings&doctype=AGENDA&folderid=3995";"http://app05.ottawa.ca/sirepub/mtgviewer.aspx?meetid=2407&doctype=SUMMARY";"http://app05.ottawa.ca/sirepub/view.aspx?cabinet=published_meetings&doctype=SUMMARY&folderid=3995";"http://app05.ottawa.ca/sirepub/mtgviewer.aspx?meetid=2407&doctype=MINUTES";"http://app05.ottawa.ca/sirepub/view.aspx?cabinet=published_meetings&doctype=MINUTES&folderid=3995";NULL;"2407"
"3";"Transit Commission";"2012-Jun-20";"9:30 AM";"2012-Jun-20 - 9:30 AM";"Melody Duffenais613-580-2424 x20113
                Email: melody.duffenais@ottawa.ca";"http://app05.ottawa.ca/sirepub/meetresults.aspx?view=Search&startdate=2012-Jun-18&enddate=2013-Feb-23";"http://app05.ottawa.ca/sirepub/mtgviewer.aspx?meetid=2147&doctype=AGENDA";"http://app05.ottawa.ca/sirepub/view.aspx?cabinet=published_meetings&doctype=AGENDA&folderid=3599";"http://app05.ottawa.ca/sirepub/mtgviewer.aspx?meetid=2147&doctype=SUMMARY";"http://app05.ottawa.ca/sirepub/view.aspx?cabinet=published_meetings&doctype=SUMMARY&folderid=3599";"http://app05.ottawa.ca/sirepub/mtgviewer.aspx?meetid=2147&doctype=MINUTES";"http://app05.ottawa.ca/sirepub/view.aspx?cabinet=published_meetings&doctype=MINUTES&folderid=3599";NULL;"2147"
"4";"Community and Protective Services Committee";"2012-Jun-21";"9:30 AM";"2012-Jun-21 - 9:30 AM";"Marc Desjardins613-580-2424 x28821
                Email: Marc.Desjardins@ottawa.ca";"http://app05.ottawa.ca/sirepub/meetresults.aspx?view=Search&startdate=2012-Jun-18&enddate=2013-Feb-23";"http://app05.ottawa.ca/sirepub/mtgviewer.aspx?meetid=2154&doctype=AGENDA";"http://app05.ottawa.ca/sirepub/view.aspx?cabinet=published_meetings&doctype=AGENDA&folderid=2523";"http://app05.ottawa.ca/sirepub/mtgviewer.aspx?meetid=2154&doctype=SUMMARY";"http://app05.ottawa.ca/sirepub/view.aspx?cabinet=published_meetings&doctype=SUMMARY&folderid=2523";"http://app05.ottawa.ca/sirepub/mtgviewer.aspx?meetid=2154&doctype=MINUTES";"http://app05.ottawa.ca/sirepub/view.aspx?cabinet=published_meetings&doctype=MINUTES&folderid=2523";NULL;"2154"
"5";"Ottawa Built Heritage Advisory Committee";"2012-Jun-21";"9:30 AM";"2012-Jun-21 - 9:30 AM";"no contact";"http://app05.ottawa.ca/sirepub/meetresults.aspx?view=Search&startdate=2012-Jun-18&enddate=2013-Feb-23";"http://app05.ottawa.ca/sirepub/mtgviewer.aspx?meetid=2409&doctype=AGENDA";"http://app05.ottawa.ca/sirepub/view.aspx?cabinet=published_meetings&doctype=AGENDA&folderid=4015";NULL;NULL;"http://app05.ottawa.ca/sirepub/mtgviewer.aspx?meetid=2409&doctype=MINUTES";"http://app05.ottawa.ca/sirepub/view.aspx?cabinet=published_meetings&doctype=MINUTES&folderid=4015";NULL;"2409"
"6";"Agriculture and Rural Affairs Committee";"2012-Jun-25";"9:30 AM";"2012-Jun-25 - 9:30 AM";"Marc Desjardins613 580 2424 ext 28821
                Email: Marc.Desjardins@ottawa.ca";"http://app05.ottawa.ca/sirepub/meetresults.aspx?view=Search&startdate=2012-Jun-18&enddate=2013-Feb-23";"http://app05.ottawa.ca/sirepub/mtgviewer.aspx?meetid=2211&doctype=AGENDA";"http://app05.ottawa.ca/sirepub/view.aspx?cabinet=published_meetings&doctype=AGENDA&folderid=2552";"http://app05.ottawa.ca/sirepub/mtgviewer.aspx?meetid=2211&doctype=SUMMARY";"http://app05.ottawa.ca/sirepub/view.aspx?cabinet=published_meetings&doctype=SUMMARY&folderid=2552";"http://app05.ottawa.ca/sirepub/mtgviewer.aspx?meetid=2211&doctype=MINUTES";"http://app05.ottawa.ca/sirepub/view.aspx?cabinet=published_meetings&doctype=MINUTES&folderid=2552";NULL;"2211"
"7";"Planning Committee";"2012-Jun-26";"9:30 AM";"2012-Jun-26 - 9:30 AM";"Christopher Zwierzchowski613-580-2424 x-21359
                Email: Christopher.Zwierzchowski@ottawa.ca";"http://app05.ottawa.ca/sirepub/meetresults.aspx?view=Search&startdate=2012-Jun-18&enddate=2013-Feb-23";"http://app05.ottawa.ca/sirepub/mtgviewer.aspx?meetid=2181&doctype=AGENDA";"http://app05.ottawa.ca/sirepub/view.aspx?cabinet=published_meetings&doctype=AGENDA&folderid=4066";"http://app05.ottawa.ca/sirepub/mtgviewer.aspx?meetid=2181&doctype=SUMMARY";"http://app05.ottawa.ca/sirepub/view.aspx?cabinet=published_meetings&doctype=SUMMARY&folderid=4066";"http://app05.ottawa.ca/sirepub/mtgviewer.aspx?meetid=2181&doctype=MINUTES";"http://app05.ottawa.ca/sirepub/view.aspx?cabinet=published_meetings&doctype=MINUTES&folderid=4066";NULL;"2181"
"8";"City Council";"2012-Jun-27";"9:30 AM";"2012-Jun-27 - 9:30 AM";"Dawn Whelan613-580-2424 x 25639
                Email: Dawn.Whelan@Ottawa.ca";"http://app05.ottawa.ca/sirepub/meetresults.aspx?view=Search&startdate=2012-Jun-18&enddate=2013-Feb-23";"http://app05.ottawa.ca/sirepub/mtgviewer.aspx?meetid=2484&doctype=AGENDA";"http://app05.ottawa.ca/sirepub/view.aspx?cabinet=published_meetings&doctype=AGENDA&folderid=4528";NULL;NULL;"http://app05.ottawa.ca/sirepub/mtgviewer.aspx?meetid=2484&doctype=MINUTES";"http://app05.ottawa.ca/sirepub/view.aspx?cabinet=published_meetings&doctype=MINUTES&folderid=4528";NULL;"2484"
"9";"Finance and Economic Development Committee";"2012-Jul-03";"9:30 AM";"2012-Jul-03 - 9:30 AM";"Diane Blais613-580-2424 x28091
                Email: Diane.Blais@ottawa.ca";"http://app05.ottawa.ca/sirepub/meetresults.aspx?view=Search&startdate=2012-Jun-18&enddate=2013-Feb-23";"http://app05.ottawa.ca/sirepub/mtgviewer.aspx?meetid=2412&doctype=AGENDA";"http://app05.ottawa.ca/sirepub/view.aspx?cabinet=published_meetings&doctype=AGENDA&folderid=4057";"http://app05.ottawa.ca/sirepub/mtgviewer.aspx?meetid=2412&doctype=SUMMARY";"http://app05.ottawa.ca/sirepub/view.aspx?cabinet=published_meetings&doctype=SUMMARY&folderid=4057";"http://app05.ottawa.ca/sirepub/mtgviewer.aspx?meetid=2412&doctype=MINUTES";"http://app05.ottawa.ca/sirepub/view.aspx?cabinet=published_meetings&doctype=MINUTES&folderid=4057";NULL;"2412"
"10";"Transportation Committee";"2012-Jul-04";"9:30 AM";"2012-Jul-04 - 9:30 AM";"Rosemary Theriault613-580-2424 x21624
                Email: Rosemary.Theriault@ottawa.ca";"http://app05.ottawa.ca/sirepub/meetresults.aspx?view=Search&startdate=2012-Jun-18&enddate=2013-Feb-23";"http://app05.ottawa.ca/sirepub/mtgviewer.aspx?meetid=2411&doctype=AGENDA";"http://app05.ottawa.ca/sirepub/view.aspx?cabinet=published_meetings&doctype=AGENDA&folderid=4044";"http://app05.ottawa.ca/sirepub/mtgviewer.aspx?meetid=2411&doctype=SUMMARY";"http://app05.ottawa.ca/sirepub/view.aspx?cabinet=published_meetings&doctype=SUMMARY&folderid=4044";"http://app05.ottawa.ca/sirepub/mtgviewer.aspx?meetid=2411&doctype=MINUTES";"http://app05.ottawa.ca/sirepub/view.aspx?cabinet=published_meetings&doctype=MINUTES&folderid=4044";NULL;"2411"
"11";"Finance and Economic Development Committee";"2012-Jul-06";"9:30 AM";"2012-Jul-06 - 9:30 AM";"Diane Blais613-580-2424, ext. 28091
                Email: Diane.Blais@ottawa.ca";"http://app05.ottawa.ca/sirepub/meetresults.aspx?view=Search&startdate=2012-Jun-18&enddate=2013-Feb-23";"http://app05.ottawa.ca/sirepub/mtgviewer.aspx?meetid=2216&doctype=AGENDA";"http://app05.ottawa.ca/sirepub/view.aspx?cabinet=published_meetings&doctype=AGENDA&folderid=4035";"http://app05.ottawa.ca/sirepub/mtgviewer.aspx?meetid=2216&doctype=SUMMARY";"http://app05.ottawa.ca/sirepub/view.aspx?cabinet=published_meetings&doctype=SUMMARY&folderid=4035";"http://app05.ottawa.ca/sirepub/mtgviewer.aspx?meetid=2216&doctype=MINUTES";"http://app05.ottawa.ca/sirepub/view.aspx?cabinet=published_meetings&doctype=MINUTES&folderid=4035";NULL;"2216"
"12";"Planning Committee";"2012-Jul-09";"9:30 AM";"2012-Jul-09 - 9:30 AM";"Christopher Zwierzchowski613-580-2424 x 21359
                Email: Christopher.Zwierzchowski@ottawa.ca";"http://app05.ottawa.ca/sirepub/meetresults.aspx?view=Search&startdate=2012-Jun-18&enddate=2013-Feb-23";"http://app05.ottawa.ca/sirepub/mtgviewer.aspx?meetid=2362&doctype=AGENDA";"http://app05.ottawa.ca/sirepub/view.aspx?cabinet=published_meetings&doctype=AGENDA&folderid=3823";"http://app05.ottawa.ca/sirepub/mtgviewer.aspx?meetid=2362&doctype=SUMMARY";"http://app05.ottawa.ca/sirepub/view.aspx?cabinet=published_meetings&doctype=SUMMARY&folderid=3823";"http://app05.ottawa.ca/sirepub/mtgviewer.aspx?meetid=2362&doctype=MINUTES";"http://app05.ottawa.ca/sirepub/view.aspx?cabinet=published_meetings&doctype=MINUTES&folderid=3823";NULL;"2362"
"13";"City Council";"2012-Jul-11";"10:00 AM";"2012-Jul-11 - 10:00 AM";"Dawn Whelan613-580-2424 x 21837
                Email: dawn.whelan@ottawa.ca";"http://app05.ottawa.ca/sirepub/meetresults.aspx?view=Search&startdate=2012-Jun-18&enddate=2013-Feb-23";"http://app05.ottawa.ca/sirepub/mtgviewer.aspx?meetid=2487&doctype=AGENDA";"http://app05.ottawa.ca/sirepub/view.aspx?cabinet=published_meetings&doctype=AGENDA&folderid=4603";NULL;NULL;"http://app05.ottawa.ca/sirepub/mtgviewer.aspx?meetid=2487&doctype=MINUTES";"http://app05.ottawa.ca/sirepub/view.aspx?cabinet=published_meetings&doctype=MINUTES&folderid=4603";NULL;"2487"
"14";"Ottawa Built Heritage Advisory Committee";"2012-Aug-02";"6:00 PM";"2012-Aug-02 - 6:00 PM";"Kelly Sammon613-580-2424 x16875
                Email: Kelly.Sammon@ottawa.ca";"http://app05.ottawa.ca/sirepub/meetresults.aspx?view=Search&startdate=2012-Jun-18&enddate=2013-Feb-23";"http://app05.ottawa.ca/sirepub/mtgviewer.aspx?meetid=2410&doctype=AGENDA";"http://app05.ottawa.ca/sirepub/view.aspx?cabinet=published_meetings&doctype=AGENDA&folderid=4032";NULL;NULL;"http://app05.ottawa.ca/sirepub/mtgviewer.aspx?meetid=2410&doctype=MINUTES";"http://app05.ottawa.ca/sirepub/view.aspx?cabinet=published_meetings&doctype=MINUTES&folderid=4032";NULL;"2410"
"15";"Planning Committee";"2012-Aug-23";"9:30 AM";"2012-Aug-23 - 9:30 AM";"Christopher Zwierzchowski613-580-2424 x21359
                Email: Christopher.Zwierzchowski@ottawa.ca";"http://app05.ottawa.ca/sirepub/meetresults.aspx?view=Search&startdate=2012-Jun-18&enddate=2013-Feb-23";"http://app05.ottawa.ca/sirepub/mtgviewer.aspx?meetid=2361&doctype=AGENDA";"http://app05.ottawa.ca/sirepub/view.aspx?cabinet=published_meetings&doctype=AGENDA&folderid=3801";"http://app05.ottawa.ca/sirepub/mtgviewer.aspx?meetid=2361&doctype=SUMMARY";"http://app05.ottawa.ca/sirepub/view.aspx?cabinet=published_meetings&doctype=SUMMARY&folderid=3801";"http://app05.ottawa.ca/sirepub/mtgviewer.aspx?meetid=2361&doctype=MINUTES";"http://app05.ottawa.ca/sirepub/view.aspx?cabinet=published_meetings&doctype=MINUTES&folderid=3801";NULL;"2361"
"16";"Transit Commission";"2012-Aug-24";"9:30 AM";"2012-Aug-24 - 9:30 AM";"Melody Duffenais(613)-580-2424 ext./poste 20113
                Email: melody.duffenais@ottawa.ca";"http://app05.ottawa.ca/sirepub/meetresults.aspx?view=Search&startdate=2012-Jun-18&enddate=2013-Feb-23";"http://app05.ottawa.ca/sirepub/mtgviewer.aspx?meetid=2214&doctype=AGENDA";"http://app05.ottawa.ca/sirepub/view.aspx?cabinet=published_meetings&doctype=AGENDA&folderid=3912";"http://app05.ottawa.ca/sirepub/mtgviewer.aspx?meetid=2214&doctype=SUMMARY";"http://app05.ottawa.ca/sirepub/view.aspx?cabinet=published_meetings&doctype=SUMMARY&folderid=3912";"http://app05.ottawa.ca/sirepub/mtgviewer.aspx?meetid=2214&doctype=MINUTES";"http://app05.ottawa.ca/sirepub/view.aspx?cabinet=published_meetings&doctype=MINUTES&folderid=3912";NULL;"2214"
"17";"Finance and Economic Development Committee";"2012-Aug-27";"9:30 AM";"2012-Aug-27 - 9:30 AM";"Diane Blais613-580-2424, ext. 28091
                Email: Diane.Blais@ottawa.ca";"http://app05.ottawa.ca/sirepub/meetresults.aspx?view=Search&startdate=2012-Jun-18&enddate=2013-Feb-23";"http://app05.ottawa.ca/sirepub/mtgviewer.aspx?meetid=2143&doctype=AGENDA";"http://app05.ottawa.ca/sirepub/view.aspx?cabinet=published_meetings&doctype=AGENDA&folderid=4028";"http://app05.ottawa.ca/sirepub/mtgviewer.aspx?meetid=2143&doctype=SUMMARY";"http://app05.ottawa.ca/sirepub/view.aspx?cabinet=published_meetings&doctype=SUMMARY&folderid=4028";"http://app05.ottawa.ca/sirepub/mtgviewer.aspx?meetid=2143&doctype=MINUTES";"http://app05.ottawa.ca/sirepub/view.aspx?cabinet=published_meetings&doctype=MINUTES&folderid=4028";NULL;"2143"
"18";"Environment Committee";"2012-Aug-28";"9:30 AM";"2012-Aug-28 - 9:30 AM";"Carole Legault613-580-2424 x28934
                Email: carolea.legault@ottawa.ca";"http://app05.ottawa.ca/sirepub/meetresults.aspx?view=Search&startdate=2012-Jun-18&enddate=2013-Feb-23";"http://app05.ottawa.ca/sirepub/mtgviewer.aspx?meetid=2213&doctype=AGENDA";"http://app05.ottawa.ca/sirepub/view.aspx?cabinet=published_meetings&doctype=AGENDA&folderid=4010";"http://app05.ottawa.ca/sirepub/mtgviewer.aspx?meetid=2213&doctype=SUMMARY";"http://app05.ottawa.ca/sirepub/view.aspx?cabinet=published_meetings&doctype=SUMMARY&folderid=4010";"http://app05.ottawa.ca/sirepub/mtgviewer.aspx?meetid=2213&doctype=MINUTES";"http://app05.ottawa.ca/sirepub/view.aspx?cabinet=published_meetings&doctype=MINUTES&folderid=4010";NULL;"2213"
"19";"Debenture Committee";"2012-Aug-28";"10:00 AM";"2012-Aug-28 - 10:00 AM";"Joel Monfils613-580-2424 x26837
                Email: joel.monfils@ottawa.ca";"http://app05.ottawa.ca/sirepub/meetresults.aspx?view=Search&startdate=2012-Jun-18&enddate=2013-Feb-23";"http://app05.ottawa.ca/sirepub/mtgviewer.aspx?meetid=2221&doctype=AGENDA";"http://app05.ottawa.ca/sirepub/view.aspx?cabinet=published_meetings&doctype=AGENDA&folderid=4005";NULL;NULL;NULL;NULL;NULL;"2221"
"20";"City Council";"2012-Aug-29";"10:00 AM";"2012-Aug-29 - 10:00 AM";"Dawn Whelan21837
                Email: dawn.whelan@ottawa.ca";"http://app05.ottawa.ca/sirepub/meetresults.aspx?view=Search&startdate=2012-Jun-18&enddate=2013-Feb-23";"http://app05.ottawa.ca/sirepub/mtgviewer.aspx?meetid=2151&doctype=AGENDA";"http://app05.ottawa.ca/sirepub/view.aspx?cabinet=published_meetings&doctype=AGENDA&folderid=4056";NULL;NULL;"http://app05.ottawa.ca/sirepub/mtgviewer.aspx?meetid=2151&doctype=MINUTES";"http://app05.ottawa.ca/sirepub/view.aspx?cabinet=published_meetings&doctype=MINUTES&folderid=4056";NULL;"2151"
"21";"Finance and Economic Development Committee";"2012-Aug-30";"9:30 AM";"2012-Aug-30 - 9:30 AM";"Diane Blais613-580-2424, ext. 16760
                Email: Diane.Blais@ottawa.ca";"http://app05.ottawa.ca/sirepub/meetresults.aspx?view=Search&startdate=2012-Jun-18&enddate=2013-Feb-23";"http://app05.ottawa.ca/sirepub/mtgviewer.aspx?meetid=2219&doctype=AGENDA";"http://app05.ottawa.ca/sirepub/view.aspx?cabinet=published_meetings&doctype=AGENDA&folderid=4003";"http://app05.ottawa.ca/sirepub/mtgviewer.aspx?meetid=2219&doctype=SUMMARY";"http://app05.ottawa.ca/sirepub/view.aspx?cabinet=published_meetings&doctype=SUMMARY&folderid=4003";"http://app05.ottawa.ca/sirepub/mtgviewer.aspx?meetid=2219&doctype=MINUTES";"http://app05.ottawa.ca/sirepub/view.aspx?cabinet=published_meetings&doctype=MINUTES&folderid=4003";NULL;"2219"
"22";"Transportation Committee";"2012-Sep-05";"9:30 AM";"2012-Sep-05 - 9:30 AM";"Melody Duffenais613-580-2424 x20113
                Email: Melody.Duffenais@ottawa.ca";"http://app05.ottawa.ca/sirepub/meetresults.aspx?view=Search&startdate=2012-Jun-18&enddate=2013-Feb-23";"http://app05.ottawa.ca/sirepub/mtgviewer.aspx?meetid=2121&doctype=AGENDA";"http://app05.ottawa.ca/sirepub/view.aspx?cabinet=published_meetings&doctype=AGENDA&folderid=2951";"http://app05.ottawa.ca/sirepub/mtgviewer.aspx?meetid=2121&doctype=SUMMARY";"http://app05.ottawa.ca/sirepub/view.aspx?cabinet=published_meetings&doctype=SUMMARY&folderid=2951";"http://app05.ottawa.ca/sirepub/mtgviewer.aspx?meetid=2121&doctype=MINUTES";"http://app05.ottawa.ca/sirepub/view.aspx?cabinet=published_meetings&doctype=MINUTES&folderid=2951";NULL;"2121"
"23";"Agriculture and Rural Affairs Committee";"2012-Sep-06";"9:30 AM";"2012-Sep-06 - 9:30 AM";"Marc Desjardins613-580-2424 x28821
                Email: Marc.Desjardins@ottawa.ca";"http://app05.ottawa.ca/sirepub/meetresults.aspx?view=Search&startdate=2012-Jun-18&enddate=2013-Feb-23";"http://app05.ottawa.ca/sirepub/mtgviewer.aspx?meetid=2364&doctype=AGENDA";"http://app05.ottawa.ca/sirepub/view.aspx?cabinet=published_meetings&doctype=AGENDA&folderid=3855";"http://app05.ottawa.ca/sirepub/mtgviewer.aspx?meetid=2364&doctype=SUMMARY";"http://app05.ottawa.ca/sirepub/view.aspx?cabinet=published_meetings&doctype=SUMMARY&folderid=3855";"http://app05.ottawa.ca/sirepub/mtgviewer.aspx?meetid=2364&doctype=MINUTES";"http://app05.ottawa.ca/sirepub/view.aspx?cabinet=published_meetings&doctype=MINUTES&folderid=3855";NULL;"2364"
"24";"Planning Committee";"2012-Sep-11";"9:30 AM";"2012-Sep-11 - 9:30 AM";"Christopher Zwierzchowski613-580-2424 x 21359
                Email: Christopher.Zwierzchowski@ottawa.ca";"http://app05.ottawa.ca/sirepub/meetresults.aspx?view=Search&startdate=2012-Jun-18&enddate=2013-Feb-23";"http://app05.ottawa.ca/sirepub/mtgviewer.aspx?meetid=2360&doctype=AGENDA";"http://app05.ottawa.ca/sirepub/view.aspx?cabinet=published_meetings&doctype=AGENDA&folderid=3784";"http://app05.ottawa.ca/sirepub/mtgviewer.aspx?meetid=2360&doctype=SUMMARY";"http://app05.ottawa.ca/sirepub/view.aspx?cabinet=published_meetings&doctype=SUMMARY&folderid=3784";"http://app05.ottawa.ca/sirepub/mtgviewer.aspx?meetid=2360&doctype=MINUTES";"http://app05.ottawa.ca/sirepub/view.aspx?cabinet=published_meetings&doctype=MINUTES&folderid=3784";NULL;"2360"
"25";"City Council";"2012-Sep-12";"9:30 AM";"2012-Sep-12 - 9:30 AM";"Dawn Whelan613-5802-2424 x21837
                Email: Dawn.Whelan@ottawa.ca";"http://app05.ottawa.ca/sirepub/meetresults.aspx?view=Search&startdate=2012-Jun-18&enddate=2013-Feb-23";"http://app05.ottawa.ca/sirepub/mtgviewer.aspx?meetid=2408&doctype=AGENDA";"http://app05.ottawa.ca/sirepub/view.aspx?cabinet=published_meetings&doctype=AGENDA&folderid=3999";"http://app05.ottawa.ca/sirepub/mtgviewer.aspx?meetid=2408&doctype=SUMMARY";"http://app05.ottawa.ca/sirepub/view.aspx?cabinet=published_meetings&doctype=SUMMARY&folderid=3999";"http://app05.ottawa.ca/sirepub/mtgviewer.aspx?meetid=2408&doctype=MINUTES";"http://app05.ottawa.ca/sirepub/view.aspx?cabinet=published_meetings&doctype=MINUTES&folderid=3999";NULL;"2408"
"26";"Audit Sub-Committee";"2012-Sep-13";"9:30 AM";"2012-Sep-13 - 9:30 AM";"Diane Blais613-580-2424, ext. 28091
                Email: Diane.Blais@ottawa.ca";"http://app05.ottawa.ca/sirepub/meetresults.aspx?view=Search&startdate=2012-Jun-18&enddate=2013-Feb-23";"http://app05.ottawa.ca/sirepub/mtgviewer.aspx?meetid=2204&doctype=AGENDA";"http://app05.ottawa.ca/sirepub/view.aspx?cabinet=published_meetings&doctype=AGENDA&folderid=3969";"http://app05.ottawa.ca/sirepub/mtgviewer.aspx?meetid=2204&doctype=SUMMARY";"http://app05.ottawa.ca/sirepub/view.aspx?cabinet=published_meetings&doctype=SUMMARY&folderid=3969";"http://app05.ottawa.ca/sirepub/mtgviewer.aspx?meetid=2204&doctype=MINUTES";"http://app05.ottawa.ca/sirepub/view.aspx?cabinet=published_meetings&doctype=MINUTES&folderid=3969";NULL;"2204"
"27";"Information Technology Sub-Committee";"2012-Sep-17";"9:30 AM";"2012-Sep-17 - 9:30 AM";"Melody Duffenais613-580-2424 ext 20113
                Email: Melody.Duffenais@ottawa.ca";"http://app05.ottawa.ca/sirepub/meetresults.aspx?view=Search&startdate=2012-Jun-18&enddate=2013-Feb-23";"http://app05.ottawa.ca/sirepub/mtgviewer.aspx?meetid=2275&doctype=AGENDA";"http://app05.ottawa.ca/sirepub/view.aspx?cabinet=published_meetings&doctype=AGENDA&folderid=3588";"http://app05.ottawa.ca/sirepub/mtgviewer.aspx?meetid=2275&doctype=SUMMARY";"http://app05.ottawa.ca/sirepub/view.aspx?cabinet=published_meetings&doctype=SUMMARY&folderid=3588";"http://app05.ottawa.ca/sirepub/mtgviewer.aspx?meetid=2275&doctype=MINUTES";"http://app05.ottawa.ca/sirepub/view.aspx?cabinet=published_meetings&doctype=MINUTES&folderid=3588";NULL;"2275"
"28";"Finance and Economic Development Committee";"2012-Sep-19";"9:30 AM";"2012-Sep-19 - 9:30 AM";"Diane Blais613-580-2424, ext. 28091
                Email: Diane.Blais@ottawa.ca";"http://app05.ottawa.ca/sirepub/meetresults.aspx?view=Search&startdate=2012-Jun-18&enddate=2013-Feb-23";"http://app05.ottawa.ca/sirepub/mtgviewer.aspx?meetid=2224&doctype=AGENDA";"http://app05.ottawa.ca/sirepub/view.aspx?cabinet=published_meetings&doctype=AGENDA&folderid=3937";"http://app05.ottawa.ca/sirepub/mtgviewer.aspx?meetid=2224&doctype=SUMMARY";"http://app05.ottawa.ca/sirepub/view.aspx?cabinet=published_meetings&doctype=SUMMARY&folderid=3937";"http://app05.ottawa.ca/sirepub/mtgviewer.aspx?meetid=2224&doctype=MINUTES";"http://app05.ottawa.ca/sirepub/view.aspx?cabinet=published_meetings&doctype=MINUTES&folderid=3937";NULL;"2224"
"29";"Community and Protective Services Committee";"2012-Sep-20";"9:30 AM";"2012-Sep-20 - 9:30 AM";"Marc Desjardins613-580-2424 x28821
                Email: Marc.Desjardins@ottawa.ca";"http://app05.ottawa.ca/sirepub/meetresults.aspx?view=Search&startdate=2012-Jun-18&enddate=2013-Feb-23";"http://app05.ottawa.ca/sirepub/mtgviewer.aspx?meetid=2363&doctype=AGENDA";"http://app05.ottawa.ca/sirepub/view.aspx?cabinet=published_meetings&doctype=AGENDA&folderid=3840";"http://app05.ottawa.ca/sirepub/mtgviewer.aspx?meetid=2363&doctype=SUMMARY";"http://app05.ottawa.ca/sirepub/view.aspx?cabinet=published_meetings&doctype=SUMMARY&folderid=3840";"http://app05.ottawa.ca/sirepub/mtgviewer.aspx?meetid=2363&doctype=MINUTES";"http://app05.ottawa.ca/sirepub/view.aspx?cabinet=published_meetings&doctype=MINUTES&folderid=3840";NULL;"2363"
"30";"Ottawa Built Heritage Advisory Committee";"2012-Sep-20";"6:00 PM";"2012-Sep-20 - 6:00 PM";"Kelly Sammon613-580-2424 x16875
                Email: Kelly.Sammon@ottawa.ca";"http://app05.ottawa.ca/sirepub/meetresults.aspx?view=Search&startdate=2012-Jun-18&enddate=2013-Feb-23";"http://app05.ottawa.ca/sirepub/mtgviewer.aspx?meetid=2405&doctype=AGENDA";"http://app05.ottawa.ca/sirepub/view.aspx?cabinet=published_meetings&doctype=AGENDA&folderid=3968";NULL;NULL;"http://app05.ottawa.ca/sirepub/mtgviewer.aspx?meetid=2405&doctype=MINUTES";"http://app05.ottawa.ca/sirepub/view.aspx?cabinet=published_meetings&doctype=MINUTES&folderid=3968";NULL;"2405"
"31";"Planning Committee";"2012-Sep-25";"9:30 AM";"2012-Sep-25 - 9:30 AM";"Christopher Zwierzchowski613-580-2424 x 21359
                Email: Christopher.Zwierzchowski@ottawa.ca";"http://app05.ottawa.ca/sirepub/meetresults.aspx?view=Search&startdate=2012-Jun-18&enddate=2013-Feb-23";"http://app05.ottawa.ca/sirepub/mtgviewer.aspx?meetid=2349&doctype=AGENDA";"http://app05.ottawa.ca/sirepub/view.aspx?cabinet=published_meetings&doctype=AGENDA&folderid=3771";"http://app05.ottawa.ca/sirepub/mtgviewer.aspx?meetid=2349&doctype=SUMMARY";"http://app05.ottawa.ca/sirepub/view.aspx?cabinet=published_meetings&doctype=SUMMARY&folderid=3771";"http://app05.ottawa.ca/sirepub/mtgviewer.aspx?meetid=2349&doctype=MINUTES";"http://app05.ottawa.ca/sirepub/view.aspx?cabinet=published_meetings&doctype=MINUTES&folderid=3771";NULL;"2349"
"32";"City Council";"2012-Sep-26";"9:30 AM";"2012-Sep-26 - 9:30 AM";"Dawn Whelan613-580-2424 x21837
                Email: Dawn.Whelan@ottawa.ca";"http://app05.ottawa.ca/sirepub/meetresults.aspx?view=Search&startdate=2012-Jun-18&enddate=2013-Feb-23";"http://app05.ottawa.ca/sirepub/mtgviewer.aspx?meetid=2404&doctype=AGENDA";"http://app05.ottawa.ca/sirepub/view.aspx?cabinet=published_meetings&doctype=AGENDA&folderid=3959";"http://app05.ottawa.ca/sirepub/mtgviewer.aspx?meetid=2404&doctype=SUMMARY";"http://app05.ottawa.ca/sirepub/view.aspx?cabinet=published_meetings&doctype=SUMMARY&folderid=3959";"http://app05.ottawa.ca/sirepub/mtgviewer.aspx?meetid=2404&doctype=MINUTES";"http://app05.ottawa.ca/sirepub/view.aspx?cabinet=published_meetings&doctype=MINUTES&folderid=3959";NULL;"2404"
"33";"Transit Commission";"2012-Sep-27";"9:30 AM";"2012-Sep-27 - 9:30 AM";"Melody Duffenais613-580-2424 ext./poste 20113
                Email: melody.duffenais@ottawa.ca";"http://app05.ottawa.ca/sirepub/meetresults.aspx?view=Search&startdate=2012-Jun-18&enddate=2013-Feb-23";"http://app05.ottawa.ca/sirepub/mtgviewer.aspx?meetid=2218&doctype=AGENDA";"http://app05.ottawa.ca/sirepub/view.aspx?cabinet=published_meetings&doctype=AGENDA&folderid=3162";"http://app05.ottawa.ca/sirepub/mtgviewer.aspx?meetid=2218&doctype=SUMMARY";"http://app05.ottawa.ca/sirepub/view.aspx?cabinet=published_meetings&doctype=SUMMARY&folderid=3162";"http://app05.ottawa.ca/sirepub/mtgviewer.aspx?meetid=2218&doctype=MINUTES";"http://app05.ottawa.ca/sirepub/view.aspx?cabinet=published_meetings&doctype=MINUTES&folderid=3162";NULL;"2218"
"34";"Finance and Economic Development Committee";"2012-Oct-02";"9:30 AM";"2012-Oct-02 - 9:30 AM";"Diane Blais613-580-2424 x28091
                Email: Diane.Balis@ottawa.ca";"http://app05.ottawa.ca/sirepub/meetresults.aspx?view=Search&startdate=2012-Jun-18&enddate=2013-Feb-23";"http://app05.ottawa.ca/sirepub/mtgviewer.aspx?meetid=2290&doctype=AGENDA";"http://app05.ottawa.ca/sirepub/view.aspx?cabinet=published_meetings&doctype=AGENDA&folderid=3722";"http://app05.ottawa.ca/sirepub/mtgviewer.aspx?meetid=2290&doctype=SUMMARY";"http://app05.ottawa.ca/sirepub/view.aspx?cabinet=published_meetings&doctype=SUMMARY&folderid=3722";"http://app05.ottawa.ca/sirepub/mtgviewer.aspx?meetid=2290&doctype=MINUTES";"http://app05.ottawa.ca/sirepub/view.aspx?cabinet=published_meetings&doctype=MINUTES&folderid=3722";NULL;"2290"
"35";"Transportation Committee";"2012-Oct-03";"9:30 AM";"2012-Oct-03 - 9:30 AM";"Rosemary Theriault613-580-2424 x21624
                Email: Rosemary.Theriault@ottawa.ca";"http://app05.ottawa.ca/sirepub/meetresults.aspx?view=Search&startdate=2012-Jun-18&enddate=2013-Feb-23";"http://app05.ottawa.ca/sirepub/mtgviewer.aspx?meetid=2285&doctype=AGENDA";"http://app05.ottawa.ca/sirepub/view.aspx?cabinet=published_meetings&doctype=AGENDA&folderid=3676";"http://app05.ottawa.ca/sirepub/mtgviewer.aspx?meetid=2285&doctype=SUMMARY";"http://app05.ottawa.ca/sirepub/view.aspx?cabinet=published_meetings&doctype=SUMMARY&folderid=3676";"http://app05.ottawa.ca/sirepub/mtgviewer.aspx?meetid=2285&doctype=MINUTES";"http://app05.ottawa.ca/sirepub/view.aspx?cabinet=published_meetings&doctype=MINUTES&folderid=3676";NULL;"2285"
"36";"Agriculture and Rural Affairs Committee";"2012-Oct-04";"7:00 PM";"2012-Oct-04 - 7:00 PM";"Marc Desjardins613-580-2424 x28821
                Email: Marc.Desjardins@ottawa.ca";"http://app05.ottawa.ca/sirepub/meetresults.aspx?view=Search&startdate=2012-Jun-18&enddate=2013-Feb-23";"http://app05.ottawa.ca/sirepub/mtgviewer.aspx?meetid=2206&doctype=AGENDA";"http://app05.ottawa.ca/sirepub/view.aspx?cabinet=published_meetings&doctype=AGENDA&folderid=3250";"http://app05.ottawa.ca/sirepub/mtgviewer.aspx?meetid=2206&doctype=SUMMARY";"http://app05.ottawa.ca/sirepub/view.aspx?cabinet=published_meetings&doctype=SUMMARY&folderid=3250";"http://app05.ottawa.ca/sirepub/mtgviewer.aspx?meetid=2206&doctype=MINUTES";"http://app05.ottawa.ca/sirepub/view.aspx?cabinet=published_meetings&doctype=MINUTES&folderid=3250";NULL;"2206"
"37";"Planning Committee";"2012-Oct-09";"9:30 AM";"2012-Oct-09 - 9:30 AM";"Christopher Zwierzchowski613-580-2424 x 21359
                Email: Christopher.Zwierzchowski@ottawa.ca";"http://app05.ottawa.ca/sirepub/meetresults.aspx?view=Search&startdate=2012-Jun-18&enddate=2013-Feb-23";"http://app05.ottawa.ca/sirepub/mtgviewer.aspx?meetid=2284&doctype=AGENDA";"http://app05.ottawa.ca/sirepub/view.aspx?cabinet=published_meetings&doctype=AGENDA&folderid=3624";"http://app05.ottawa.ca/sirepub/mtgviewer.aspx?meetid=2284&doctype=SUMMARY";"http://app05.ottawa.ca/sirepub/view.aspx?cabinet=published_meetings&doctype=SUMMARY&folderid=3624";"http://app05.ottawa.ca/sirepub/mtgviewer.aspx?meetid=2284&doctype=MINUTES";"http://app05.ottawa.ca/sirepub/view.aspx?cabinet=published_meetings&doctype=MINUTES&folderid=3624";NULL;"2284"
"38";"City Council";"2012-Oct-10";"10:00 AM";"2012-Oct-10 - 10:00 AM";"Dawn Whelan613-580-2424 x21837
                Email: Dawn.Whelan@ottawa.ca";"http://app05.ottawa.ca/sirepub/meetresults.aspx?view=Search&startdate=2012-Jun-18&enddate=2013-Feb-23";"http://app05.ottawa.ca/sirepub/mtgviewer.aspx?meetid=1897&doctype=AGENDA";"http://app05.ottawa.ca/sirepub/view.aspx?cabinet=published_meetings&doctype=AGENDA&folderid=3911";NULL;NULL;"http://app05.ottawa.ca/sirepub/mtgviewer.aspx?meetid=1897&doctype=MINUTES";"http://app05.ottawa.ca/sirepub/view.aspx?cabinet=published_meetings&doctype=MINUTES&folderid=3911";NULL;"1897"
"39";"Information Technology Sub-Committee";"2012-Oct-15";"9:30 AM";"2012-Oct-15 - 9:30 AM";"Melody Duffenais613-580-2424 x20113
                Email: Melody.Duffenais@ottawa.ca";"http://app05.ottawa.ca/sirepub/meetresults.aspx?view=Search&startdate=2012-Jun-18&enddate=2013-Feb-23";"http://app05.ottawa.ca/sirepub/mtgviewer.aspx?meetid=2149&doctype=AGENDA";"http://app05.ottawa.ca/sirepub/view.aspx?cabinet=published_meetings&doctype=AGENDA&folderid=3272";"http://app05.ottawa.ca/sirepub/mtgviewer.aspx?meetid=2149&doctype=SUMMARY";"http://app05.ottawa.ca/sirepub/view.aspx?cabinet=published_meetings&doctype=SUMMARY&folderid=3272";"http://app05.ottawa.ca/sirepub/mtgviewer.aspx?meetid=2149&doctype=MINUTES";"http://app05.ottawa.ca/sirepub/view.aspx?cabinet=published_meetings&doctype=MINUTES&folderid=3272";NULL;"2149"
"40";"Environment Committee";"2012-Oct-16";"9:30 AM";"2012-Oct-16 - 9:30 AM";"no contact";"http://app05.ottawa.ca/sirepub/meetresults.aspx?view=Search&startdate=2012-Jun-18&enddate=2013-Feb-23";"http://app05.ottawa.ca/sirepub/mtgviewer.aspx?meetid=2229&doctype=AGENDA";"http://app05.ottawa.ca/sirepub/view.aspx?cabinet=published_meetings&doctype=AGENDA&folderid=3290";"http://app05.ottawa.ca/sirepub/mtgviewer.aspx?meetid=2229&doctype=SUMMARY";"http://app05.ottawa.ca/sirepub/view.aspx?cabinet=published_meetings&doctype=SUMMARY&folderid=3290";"http://app05.ottawa.ca/sirepub/mtgviewer.aspx?meetid=2229&doctype=MINUTES";"http://app05.ottawa.ca/sirepub/view.aspx?cabinet=published_meetings&doctype=MINUTES&folderid=3290";NULL;"2229"
"41";"Transit Commission";"2012-Oct-17";"9:30 AM";"2012-Oct-17 - 9:30 AM";"no contact";"http://app05.ottawa.ca/sirepub/meetresults.aspx?view=Search&startdate=2012-Jun-18&enddate=2013-Feb-23";"http://app05.ottawa.ca/sirepub/mtgviewer.aspx?meetid=2230&doctype=AGENDA";"http://app05.ottawa.ca/sirepub/view.aspx?cabinet=published_meetings&doctype=AGENDA&folderid=3295";"http://app05.ottawa.ca/sirepub/mtgviewer.aspx?meetid=2230&doctype=SUMMARY";"http://app05.ottawa.ca/sirepub/view.aspx?cabinet=published_meetings&doctype=SUMMARY&folderid=3295";"http://app05.ottawa.ca/sirepub/mtgviewer.aspx?meetid=2230&doctype=MINUTES";"http://app05.ottawa.ca/sirepub/view.aspx?cabinet=published_meetings&doctype=MINUTES&folderid=3295";NULL;"2230"
"42";"Community and Protective Services Committee";"2012-Oct-18";"9:30 AM";"2012-Oct-18 - 9:30 AM";"no contact";"http://app05.ottawa.ca/sirepub/meetresults.aspx?view=Search&startdate=2012-Jun-18&enddate=2013-Feb-23";"http://app05.ottawa.ca/sirepub/mtgviewer.aspx?meetid=2237&doctype=AGENDA";"http://app05.ottawa.ca/sirepub/view.aspx?cabinet=published_meetings&doctype=AGENDA&folderid=3337";"http://app05.ottawa.ca/sirepub/mtgviewer.aspx?meetid=2237&doctype=SUMMARY";"http://app05.ottawa.ca/sirepub/view.aspx?cabinet=published_meetings&doctype=SUMMARY&folderid=3337";"http://app05.ottawa.ca/sirepub/mtgviewer.aspx?meetid=2237&doctype=MINUTES";"http://app05.ottawa.ca/sirepub/view.aspx?cabinet=published_meetings&doctype=MINUTES&folderid=3337";NULL;"2237"
"43";"Ottawa Built Heritage Advisory Committee";"2012-Oct-18";"6:00 PM";"2012-Oct-18 - 6:00 PM";"Kelly Sammon613-580-2424 x16875
                Email: Kelly.Sammon@ottawa.ca";"http://app05.ottawa.ca/sirepub/meetresults.aspx?view=Search&startdate=2012-Jun-18&enddate=2013-Feb-23";"http://app05.ottawa.ca/sirepub/mtgviewer.aspx?meetid=2176&doctype=AGENDA";"http://app05.ottawa.ca/sirepub/view.aspx?cabinet=published_meetings&doctype=AGENDA&folderid=3935";NULL;NULL;"http://app05.ottawa.ca/sirepub/mtgviewer.aspx?meetid=2176&doctype=MINUTES";"http://app05.ottawa.ca/sirepub/view.aspx?cabinet=published_meetings&doctype=MINUTES&folderid=3935";NULL;"2176"
"44";"Planning Committee";"2012-Oct-23";"9:30 AM";"2012-Oct-23 - 9:30 AM";"no contact";"http://app05.ottawa.ca/sirepub/meetresults.aspx?view=Search&startdate=2012-Jun-18&enddate=2013-Feb-23";"http://app05.ottawa.ca/sirepub/mtgviewer.aspx?meetid=2245&doctype=AGENDA";"http://app05.ottawa.ca/sirepub/view.aspx?cabinet=published_meetings&doctype=AGENDA&folderid=3393";"http://app05.ottawa.ca/sirepub/mtgviewer.aspx?meetid=2245&doctype=SUMMARY";"http://app05.ottawa.ca/sirepub/view.aspx?cabinet=published_meetings&doctype=SUMMARY&folderid=3393";"http://app05.ottawa.ca/sirepub/mtgviewer.aspx?meetid=2245&doctype=MINUTES";"http://app05.ottawa.ca/sirepub/view.aspx?cabinet=published_meetings&doctype=MINUTES&folderid=3393";NULL;"2245"
"45";"City Council";"2012-Oct-24";"10:00 AM";"2012-Oct-24 - 10:00 AM";"Dawn Whelan613-580-2424 x 21837
                Email: dawn.whelan@ottawa.ca";"http://app05.ottawa.ca/sirepub/meetresults.aspx?view=Search&startdate=2012-Jun-18&enddate=2013-Feb-23";"http://app05.ottawa.ca/sirepub/mtgviewer.aspx?meetid=2495&doctype=AGENDA";"http://app05.ottawa.ca/sirepub/view.aspx?cabinet=published_meetings&doctype=AGENDA&folderid=4820";NULL;NULL;NULL;NULL;NULL;"2495"
"46";"Transit Commission";"2012-Oct-24";"3:30 PM";"2012-Oct-24 - 3:30 PM";"Melody Duffenais613-580-2424 ext./poste 20113
                Email: melody.duffenais@ottawa.ca";"http://app05.ottawa.ca/sirepub/meetresults.aspx?view=Search&startdate=2012-Jun-18&enddate=2013-Feb-23";"http://app05.ottawa.ca/sirepub/mtgviewer.aspx?meetid=2236&doctype=AGENDA";"http://app05.ottawa.ca/sirepub/view.aspx?cabinet=published_meetings&doctype=AGENDA&folderid=3413";"http://app05.ottawa.ca/sirepub/mtgviewer.aspx?meetid=2236&doctype=SUMMARY";"http://app05.ottawa.ca/sirepub/view.aspx?cabinet=published_meetings&doctype=SUMMARY&folderid=3413";"http://app05.ottawa.ca/sirepub/mtgviewer.aspx?meetid=2236&doctype=MINUTES";"http://app05.ottawa.ca/sirepub/view.aspx?cabinet=published_meetings&doctype=MINUTES&folderid=3413";NULL;"2236"
"47";"Agriculture and Rural Affairs Committee";"2012-Nov-01";"9:30 AM";"2012-Nov-01 - 9:30 AM";"Marc Desjardins613-580-2424 x28821
                Email: Marc.Desjardins@ottawa.ca";"http://app05.ottawa.ca/sirepub/meetresults.aspx?view=Search&startdate=2012-Jun-18&enddate=2013-Feb-23";"http://app05.ottawa.ca/sirepub/mtgviewer.aspx?meetid=2267&doctype=AGENDA";"http://app05.ottawa.ca/sirepub/view.aspx?cabinet=published_meetings&doctype=AGENDA&folderid=3475";"http://app05.ottawa.ca/sirepub/mtgviewer.aspx?meetid=2267&doctype=SUMMARY";"http://app05.ottawa.ca/sirepub/view.aspx?cabinet=published_meetings&doctype=SUMMARY&folderid=3475";"http://app05.ottawa.ca/sirepub/mtgviewer.aspx?meetid=2267&doctype=MINUTES";"http://app05.ottawa.ca/sirepub/view.aspx?cabinet=published_meetings&doctype=MINUTES&folderid=3475";NULL;"2267"
"48";"Ottawa Built Heritage Advisory Committee- Special Meeting";"2012-Nov-01";"9:30 AM";"2012-Nov-01 - 9:30 AM";"Kelly Sammon613-580-2424 x16875
                Email: Kelly.Sammon@ottawa.ca";"http://app05.ottawa.ca/sirepub/meetresults.aspx?view=Search&startdate=2012-Jun-18&enddate=2013-Feb-23";"http://app05.ottawa.ca/sirepub/mtgviewer.aspx?meetid=2397&doctype=AGENDA";"http://app05.ottawa.ca/sirepub/view.aspx?cabinet=published_meetings&doctype=AGENDA&folderid=3931";NULL;NULL;NULL;NULL;NULL;"2397"
"49";"Finance and Economic Development Committee";"2012-Nov-06";"9:30 AM";"2012-Nov-06 - 9:30 AM";"Diane Blais613-580-2424 x28091
                Email: Diane.Blais@ottawa.ca";"http://app05.ottawa.ca/sirepub/meetresults.aspx?view=Search&startdate=2012-Jun-18&enddate=2013-Feb-23";"http://app05.ottawa.ca/sirepub/mtgviewer.aspx?meetid=2150&doctype=AGENDA";"http://app05.ottawa.ca/sirepub/view.aspx?cabinet=published_meetings&doctype=AGENDA&folderid=3536";"http://app05.ottawa.ca/sirepub/mtgviewer.aspx?meetid=2150&doctype=SUMMARY";"http://app05.ottawa.ca/sirepub/view.aspx?cabinet=published_meetings&doctype=SUMMARY&folderid=3536";"http://app05.ottawa.ca/sirepub/mtgviewer.aspx?meetid=2150&doctype=MINUTES";"http://app05.ottawa.ca/sirepub/view.aspx?cabinet=published_meetings&doctype=MINUTES&folderid=3536";NULL;"2150"
"50";"Transportation Committee";"2012-Nov-07";"9:30 AM";"2012-Nov-07 - 9:30 AM";"Melody Duffenais613-580-2424 x20113
                Email: Melody.Duffenais@ottawa.ca";"http://app05.ottawa.ca/sirepub/meetresults.aspx?view=Search&startdate=2012-Jun-18&enddate=2013-Feb-23";"http://app05.ottawa.ca/sirepub/mtgviewer.aspx?meetid=2178&doctype=AGENDA";"http://app05.ottawa.ca/sirepub/view.aspx?cabinet=published_meetings&doctype=AGENDA&folderid=3589";"http://app05.ottawa.ca/sirepub/mtgviewer.aspx?meetid=2178&doctype=SUMMARY";"http://app05.ottawa.ca/sirepub/view.aspx?cabinet=published_meetings&doctype=SUMMARY&folderid=3589";"http://app05.ottawa.ca/sirepub/mtgviewer.aspx?meetid=2178&doctype=MINUTES";"http://app05.ottawa.ca/sirepub/view.aspx?cabinet=published_meetings&doctype=MINUTES&folderid=3589";NULL;"2178"
"51";"Planning Committee";"2012-Nov-13";"9:30 AM";"2012-Nov-13 - 9:30 AM";"Christopher Zwierzchowski613-580-2424 x21359
                Email: Christopher.Zwierzchowski@ottawa.ca";"http://app05.ottawa.ca/sirepub/meetresults.aspx?view=Search&startdate=2012-Jun-18&enddate=2013-Feb-23";"http://app05.ottawa.ca/sirepub/mtgviewer.aspx?meetid=2266&doctype=AGENDA";"http://app05.ottawa.ca/sirepub/view.aspx?cabinet=published_meetings&doctype=AGENDA&folderid=3724";"http://app05.ottawa.ca/sirepub/mtgviewer.aspx?meetid=2266&doctype=SUMMARY";"http://app05.ottawa.ca/sirepub/view.aspx?cabinet=published_meetings&doctype=SUMMARY&folderid=3724";"http://app05.ottawa.ca/sirepub/mtgviewer.aspx?meetid=2266&doctype=MINUTES";"http://app05.ottawa.ca/sirepub/view.aspx?cabinet=published_meetings&doctype=MINUTES&folderid=3724";NULL;"2266"
"52";"City Council";"2012-Nov-14";"10:00 AM";"2012-Nov-14 - 10:00 AM";"Dawn Whelan613-580-2424 x21837
                Email: Dawn.Whelan@ottawa.ca";"http://app05.ottawa.ca/sirepub/meetresults.aspx?view=Search&startdate=2012-Jun-18&enddate=2013-Feb-23";"http://app05.ottawa.ca/sirepub/mtgviewer.aspx?meetid=2139&doctype=AGENDA";"http://app05.ottawa.ca/sirepub/view.aspx?cabinet=published_meetings&doctype=AGENDA&folderid=3766";NULL;NULL;"http://app05.ottawa.ca/sirepub/mtgviewer.aspx?meetid=2139&doctype=MINUTES";"http://app05.ottawa.ca/sirepub/view.aspx?cabinet=published_meetings&doctype=MINUTES&folderid=3766";NULL;"2139"
"53";"Community and Protective Services Committee";"2012-Nov-15";"9:30 AM";"2012-Nov-15 - 9:30 AM";"Marc Desjardins613-580-2424 x28821
                Email: Marc.Desjardins@ottawa.ca";"http://app05.ottawa.ca/sirepub/meetresults.aspx?view=Search&startdate=2012-Jun-18&enddate=2013-Feb-23";"http://app05.ottawa.ca/sirepub/mtgviewer.aspx?meetid=2268&doctype=AGENDA";"http://app05.ottawa.ca/sirepub/view.aspx?cabinet=published_meetings&doctype=AGENDA&folderid=3744";"http://app05.ottawa.ca/sirepub/mtgviewer.aspx?meetid=2268&doctype=SUMMARY";"http://app05.ottawa.ca/sirepub/view.aspx?cabinet=published_meetings&doctype=SUMMARY&folderid=3744";"http://app05.ottawa.ca/sirepub/mtgviewer.aspx?meetid=2268&doctype=MINUTES";"http://app05.ottawa.ca/sirepub/view.aspx?cabinet=published_meetings&doctype=MINUTES&folderid=3744";NULL;"2268"
"54";"Agriculture and Rural Affairs Committee";"2012-Nov-16";"9:30 AM";"2012-Nov-16 - 9:30 AM";"Marc Desjardins613 580 2424 ext 28821
                Email: marc.desjardins@ottawa.ca";"http://app05.ottawa.ca/sirepub/meetresults.aspx?view=Search&startdate=2012-Jun-18&enddate=2013-Feb-23";"http://app05.ottawa.ca/sirepub/mtgviewer.aspx?meetid=2227&doctype=AGENDA";"http://app05.ottawa.ca/sirepub/view.aspx?cabinet=published_meetings&doctype=AGENDA&folderid=3750";"http://app05.ottawa.ca/sirepub/mtgviewer.aspx?meetid=2227&doctype=SUMMARY";"http://app05.ottawa.ca/sirepub/view.aspx?cabinet=published_meetings&doctype=SUMMARY&folderid=3750";NULL;NULL;NULL;"2227"
"55";"Information Technology Sub-Committee";"2012-Nov-19";"9:30 AM";"2012-Nov-19 - 9:30 AM";"Melody Duffenais613-580-2424 ext. 20113
                Email: Melody.Duffenais@ottawa.ca";"http://app05.ottawa.ca/sirepub/meetresults.aspx?view=Search&startdate=2012-Jun-18&enddate=2013-Feb-23";"http://app05.ottawa.ca/sirepub/mtgviewer.aspx?meetid=2274&doctype=AGENDA";"http://app05.ottawa.ca/sirepub/view.aspx?cabinet=published_meetings&doctype=AGENDA&folderid=4110";"http://app05.ottawa.ca/sirepub/mtgviewer.aspx?meetid=2274&doctype=SUMMARY";"http://app05.ottawa.ca/sirepub/view.aspx?cabinet=published_meetings&doctype=SUMMARY&folderid=4110";"http://app05.ottawa.ca/sirepub/mtgviewer.aspx?meetid=2274&doctype=MINUTES";"http://app05.ottawa.ca/sirepub/view.aspx?cabinet=published_meetings&doctype=MINUTES&folderid=4110";NULL;"2274"
"56";"Environment Committee";"2012-Nov-20";"9:30 AM";"2012-Nov-20 - 9:30 AM";"Carole Legault613-580-2424 x28934
                Email: carolea.legault@ottawa.ca";"http://app05.ottawa.ca/sirepub/meetresults.aspx?view=Search&startdate=2012-Jun-18&enddate=2013-Feb-23";"http://app05.ottawa.ca/sirepub/mtgviewer.aspx?meetid=2269&doctype=AGENDA";"http://app05.ottawa.ca/sirepub/view.aspx?cabinet=published_meetings&doctype=AGENDA&folderid=3901";"http://app05.ottawa.ca/sirepub/mtgviewer.aspx?meetid=2269&doctype=SUMMARY";"http://app05.ottawa.ca/sirepub/view.aspx?cabinet=published_meetings&doctype=SUMMARY&folderid=3901";"http://app05.ottawa.ca/sirepub/mtgviewer.aspx?meetid=2269&doctype=MINUTES";"http://app05.ottawa.ca/sirepub/view.aspx?cabinet=published_meetings&doctype=MINUTES&folderid=3901";NULL;"2269"
"57";"Transit Commission";"2012-Nov-21";"9:30 AM";"2012-Nov-21 - 9:30 AM";"Melody Duffenais613-580-2424 x20113
                Email: melody.duffenais@ottawa.ca";"http://app05.ottawa.ca/sirepub/meetresults.aspx?view=Search&startdate=2012-Jun-18&enddate=2013-Feb-23";"http://app05.ottawa.ca/sirepub/mtgviewer.aspx?meetid=2273&doctype=AGENDA";"http://app05.ottawa.ca/sirepub/view.aspx?cabinet=published_meetings&doctype=AGENDA&folderid=4123";"http://app05.ottawa.ca/sirepub/mtgviewer.aspx?meetid=2273&doctype=SUMMARY";"http://app05.ottawa.ca/sirepub/view.aspx?cabinet=published_meetings&doctype=SUMMARY&folderid=4123";"http://app05.ottawa.ca/sirepub/mtgviewer.aspx?meetid=2273&doctype=MINUTES";"http://app05.ottawa.ca/sirepub/view.aspx?cabinet=published_meetings&doctype=MINUTES&folderid=4123";NULL;"2273"
"58";"Planning Committee";"2012-Nov-27";"9:30 AM";"2012-Nov-27 - 9:30 AM";"Christopher Zwierzchowski613-580-2424 ext. 21359
                Email: Christopher.Zwierzchowski@ottawa.ca";"http://app05.ottawa.ca/sirepub/meetresults.aspx?view=Search&startdate=2012-Jun-18&enddate=2013-Feb-23";"http://app05.ottawa.ca/sirepub/mtgviewer.aspx?meetid=2281&doctype=AGENDA";"http://app05.ottawa.ca/sirepub/view.aspx?cabinet=published_meetings&doctype=AGENDA&folderid=4103";"http://app05.ottawa.ca/sirepub/mtgviewer.aspx?meetid=2281&doctype=SUMMARY";"http://app05.ottawa.ca/sirepub/view.aspx?cabinet=published_meetings&doctype=SUMMARY&folderid=4103";"http://app05.ottawa.ca/sirepub/mtgviewer.aspx?meetid=2281&doctype=MINUTES";"http://app05.ottawa.ca/sirepub/view.aspx?cabinet=published_meetings&doctype=MINUTES&folderid=4103";NULL;"2281"
"59";"City Council";"2012-Nov-28";"10:00 AM";"2012-Nov-28 - 10:00 AM";"Dawn Whelan613-580-2424 x21837
                Email: Dawn.Whelan@ottawa.ca";"http://app05.ottawa.ca/sirepub/meetresults.aspx?view=Search&startdate=2012-Jun-18&enddate=2013-Feb-23";"http://app05.ottawa.ca/sirepub/mtgviewer.aspx?meetid=2413&doctype=AGENDA";"http://app05.ottawa.ca/sirepub/view.aspx?cabinet=published_meetings&doctype=AGENDA&folderid=4175";NULL;NULL;"http://app05.ottawa.ca/sirepub/mtgviewer.aspx?meetid=2413&doctype=MINUTES";"http://app05.ottawa.ca/sirepub/view.aspx?cabinet=published_meetings&doctype=MINUTES&folderid=4175";NULL;"2413"
"60";"Audit Sub-Committee";"2012-Nov-29";"1:30 PM";"2012-Nov-29 - 1:30 PM";"Diane Blais613-580-2424, ext. 28091
                Email: Diane.Blais@ottawa.ca";"http://app05.ottawa.ca/sirepub/meetresults.aspx?view=Search&startdate=2012-Jun-18&enddate=2013-Feb-23";"http://app05.ottawa.ca/sirepub/mtgviewer.aspx?meetid=2226&doctype=AGENDA";"http://app05.ottawa.ca/sirepub/view.aspx?cabinet=published_meetings&doctype=AGENDA&folderid=4143";"http://app05.ottawa.ca/sirepub/mtgviewer.aspx?meetid=2226&doctype=SUMMARY";"http://app05.ottawa.ca/sirepub/view.aspx?cabinet=published_meetings&doctype=SUMMARY&folderid=4143";NULL;NULL;NULL;"2226"
"61";"Finance and Economic Development Committee";"2012-Dec-04";"9:30 AM";"2012-Dec-04 - 9:30 AM";"Diane Blais613-580-2424 x28091
                Email: Diane.Blais@ottawa.ca";"http://app05.ottawa.ca/sirepub/meetresults.aspx?view=Search&startdate=2012-Jun-18&enddate=2013-Feb-23";"http://app05.ottawa.ca/sirepub/mtgviewer.aspx?meetid=2270&doctype=AGENDA";"http://app05.ottawa.ca/sirepub/view.aspx?cabinet=published_meetings&doctype=AGENDA&folderid=4218";"http://app05.ottawa.ca/sirepub/mtgviewer.aspx?meetid=2270&doctype=SUMMARY";"http://app05.ottawa.ca/sirepub/view.aspx?cabinet=published_meetings&doctype=SUMMARY&folderid=4218";"http://app05.ottawa.ca/sirepub/mtgviewer.aspx?meetid=2270&doctype=MINUTES";"http://app05.ottawa.ca/sirepub/view.aspx?cabinet=published_meetings&doctype=MINUTES&folderid=4218";NULL;"2270"
"62";"Transportation Committee";"2012-Dec-05";"12:00 PM";"2012-Dec-05 - 12:00 PM";"Rosemary Theriault613-580-2424 x21624
                Email: Rosemary Theriault@ottawa.ca";"http://app05.ottawa.ca/sirepub/meetresults.aspx?view=Search&startdate=2012-Jun-18&enddate=2013-Feb-23";"http://app05.ottawa.ca/sirepub/mtgviewer.aspx?meetid=2283&doctype=AGENDA";"http://app05.ottawa.ca/sirepub/view.aspx?cabinet=published_meetings&doctype=AGENDA&folderid=4230";"http://app05.ottawa.ca/sirepub/mtgviewer.aspx?meetid=2283&doctype=SUMMARY";"http://app05.ottawa.ca/sirepub/view.aspx?cabinet=published_meetings&doctype=SUMMARY&folderid=4230";"http://app05.ottawa.ca/sirepub/mtgviewer.aspx?meetid=2283&doctype=MINUTES";"http://app05.ottawa.ca/sirepub/view.aspx?cabinet=published_meetings&doctype=MINUTES&folderid=4230";NULL;"2283"
"63";"Agriculture and Rural Affairs Committee";"2012-Dec-06";"9:30 AM";"2012-Dec-06 - 9:30 AM";"Marc Desjardins613-580-2424 x28821
                Email: marc.desjardins@ottawa.ca";"http://app05.ottawa.ca/sirepub/meetresults.aspx?view=Search&startdate=2012-Jun-18&enddate=2013-Feb-23";"http://app05.ottawa.ca/sirepub/mtgviewer.aspx?meetid=2279&doctype=AGENDA";"http://app05.ottawa.ca/sirepub/view.aspx?cabinet=published_meetings&doctype=AGENDA&folderid=4237";"http://app05.ottawa.ca/sirepub/mtgviewer.aspx?meetid=2279&doctype=SUMMARY";"http://app05.ottawa.ca/sirepub/view.aspx?cabinet=published_meetings&doctype=SUMMARY&folderid=4237";"http://app05.ottawa.ca/sirepub/mtgviewer.aspx?meetid=2279&doctype=MINUTES";"http://app05.ottawa.ca/sirepub/view.aspx?cabinet=published_meetings&doctype=MINUTES&folderid=4237";NULL;"2279"
"64";"Transit Commission";"2012-Dec-10";"1:00 PM";"2012-Dec-10 - 1:00 PM";"Melody Duffenais613-580-2424 x20113
                Email: Melody.Duffenais@ottawa.ca";"http://app05.ottawa.ca/sirepub/meetresults.aspx?view=Search&startdate=2012-Jun-18&enddate=2013-Feb-23";"http://app05.ottawa.ca/sirepub/mtgviewer.aspx?meetid=2442&doctype=AGENDA";"http://app05.ottawa.ca/sirepub/view.aspx?cabinet=published_meetings&doctype=AGENDA&folderid=4251";"http://app05.ottawa.ca/sirepub/mtgviewer.aspx?meetid=2442&doctype=SUMMARY";"http://app05.ottawa.ca/sirepub/view.aspx?cabinet=published_meetings&doctype=SUMMARY&folderid=4251";"http://app05.ottawa.ca/sirepub/mtgviewer.aspx?meetid=2442&doctype=MINUTES";"http://app05.ottawa.ca/sirepub/view.aspx?cabinet=published_meetings&doctype=MINUTES&folderid=4251";NULL;"2442"
"65";"Planning Committee";"2012-Dec-11";"9:30 AM";"2012-Dec-11 - 9:30 AM";"Christopher Zwierzchowski613-580-2424 x21359
                Email: Christopher.Zwierzchowski@ottawa.ca";"http://app05.ottawa.ca/sirepub/meetresults.aspx?view=Search&startdate=2012-Jun-18&enddate=2013-Feb-23";"http://app05.ottawa.ca/sirepub/mtgviewer.aspx?meetid=2282&doctype=AGENDA";"http://app05.ottawa.ca/sirepub/view.aspx?cabinet=published_meetings&doctype=AGENDA&folderid=4259";"http://app05.ottawa.ca/sirepub/mtgviewer.aspx?meetid=2282&doctype=SUMMARY";"http://app05.ottawa.ca/sirepub/view.aspx?cabinet=published_meetings&doctype=SUMMARY&folderid=4259";"http://app05.ottawa.ca/sirepub/mtgviewer.aspx?meetid=2282&doctype=MINUTES";"http://app05.ottawa.ca/sirepub/view.aspx?cabinet=published_meetings&doctype=MINUTES&folderid=4259";NULL;"2282"
"66";"City Council";"2012-Dec-12";"10:00 AM";"2012-Dec-12 - 10:00 AM";"Delegation Registration613-580-2424 x21837 or/ou x12487
                Email: councildelegations@ottawa.ca      Dawn.Whelan@ottawa.ca";"http://app05.ottawa.ca/sirepub/meetresults.aspx?view=Search&startdate=2012-Jun-18&enddate=2013-Feb-23";"http://app05.ottawa.ca/sirepub/mtgviewer.aspx?meetid=2447&doctype=AGENDA";"http://app05.ottawa.ca/sirepub/view.aspx?cabinet=published_meetings&doctype=AGENDA&folderid=4265";NULL;NULL;"http://app05.ottawa.ca/sirepub/mtgviewer.aspx?meetid=2447&doctype=MINUTES";"http://app05.ottawa.ca/sirepub/view.aspx?cabinet=published_meetings&doctype=MINUTES&folderid=4265";NULL;"2447"
"67";"Court of Revision";"2012-Dec-13";"10:00 AM";"2012-Dec-13 - 10:00 AM";"Dawn Whelan613-580-2424 x21837
                Email: Dawn.Whelan@ottawa.ca";"http://app05.ottawa.ca/sirepub/meetresults.aspx?view=Search&startdate=2012-Jun-18&enddate=2013-Feb-23";"http://app05.ottawa.ca/sirepub/mtgviewer.aspx?meetid=2446&doctype=AGENDA";"http://app05.ottawa.ca/sirepub/view.aspx?cabinet=published_meetings&doctype=AGENDA&folderid=4284";NULL;NULL;NULL;NULL;NULL;"2446"
"68";"City Council";"2012-Dec-19";"10:00 AM";"2012-Dec-19 - 10:00 AM";"Dawn Whelan613-580-2424 x21837
                Email: Dawn.Whelan@ottawa.ca";"http://app05.ottawa.ca/sirepub/meetresults.aspx?view=Search&startdate=2012-Jun-18&enddate=2013-Feb-23";"http://app05.ottawa.ca/sirepub/mtgviewer.aspx?meetid=2439&doctype=AGENDA";"http://app05.ottawa.ca/sirepub/view.aspx?cabinet=published_meetings&doctype=AGENDA&folderid=4345";NULL;NULL;"http://app05.ottawa.ca/sirepub/mtgviewer.aspx?meetid=2439&doctype=MINUTES";"http://app05.ottawa.ca/sirepub/view.aspx?cabinet=published_meetings&doctype=MINUTES&folderid=4345";NULL;"2439"
"69";"Court of Revision- Resuming from the meeting of December 13, 2012";"2013-Jan-09";"10:00 AM";"2013-Jan-09 - 10:00 AM";"Dawn Whelan613-580-2424 x 21837
                Email: Dawn.Whelan@ottawa.ca";"http://app05.ottawa.ca/sirepub/meetresults.aspx?view=Search&startdate=2012-Jun-18&enddate=2013-Feb-23";"http://app05.ottawa.ca/sirepub/mtgviewer.aspx?meetid=2483&doctype=AGENDA";"http://app05.ottawa.ca/sirepub/view.aspx?cabinet=published_meetings&doctype=AGENDA&folderid=4445";NULL;NULL;NULL;NULL;NULL;"2483"
"70";"Planning Committee";"2013-Jan-14";"9:30 AM";"2013-Jan-14 - 9:30 AM";"Christopher Zwierzchowski613-580-2424, ext. 21359
                Email: Christopher.Zwierzchowski@ottawa.ca";"http://app05.ottawa.ca/sirepub/meetresults.aspx?view=Search&startdate=2012-Jun-18&enddate=2013-Feb-23";"http://app05.ottawa.ca/sirepub/mtgviewer.aspx?meetid=2406&doctype=AGENDA";"http://app05.ottawa.ca/sirepub/view.aspx?cabinet=published_meetings&doctype=AGENDA&folderid=4478";"http://app05.ottawa.ca/sirepub/mtgviewer.aspx?meetid=2406&doctype=SUMMARY";"http://app05.ottawa.ca/sirepub/view.aspx?cabinet=published_meetings&doctype=SUMMARY&folderid=4478";"http://app05.ottawa.ca/sirepub/mtgviewer.aspx?meetid=2406&doctype=MINUTES";"http://app05.ottawa.ca/sirepub/view.aspx?cabinet=published_meetings&doctype=MINUTES&folderid=4478";NULL;"2406"
"71";"Environment Committee";"2013-Jan-15";"9:30 AM";"2013-Jan-15 - 9:30 AM";"Carole Legault613-580-2424 x28934
                Email: Carolea.Legault@ottawa.ca";"http://app05.ottawa.ca/sirepub/meetresults.aspx?view=Search&startdate=2012-Jun-18&enddate=2013-Feb-23";"http://app05.ottawa.ca/sirepub/mtgviewer.aspx?meetid=2292&doctype=AGENDA";"http://app05.ottawa.ca/sirepub/view.aspx?cabinet=published_meetings&doctype=AGENDA&folderid=4485";"http://app05.ottawa.ca/sirepub/mtgviewer.aspx?meetid=2292&doctype=SUMMARY";"http://app05.ottawa.ca/sirepub/view.aspx?cabinet=published_meetings&doctype=SUMMARY&folderid=4485";"http://app05.ottawa.ca/sirepub/mtgviewer.aspx?meetid=2292&doctype=MINUTES";"http://app05.ottawa.ca/sirepub/view.aspx?cabinet=published_meetings&doctype=MINUTES&folderid=4485";NULL;"2292"
"72";"Transit Commission";"2013-Jan-16";"9:30 AM";"2013-Jan-16 - 9:30 AM";"Melody Duffenais613-580-2424, ext./poste 20113
                Email: melody.duffenais@ottawa.ca";"http://app05.ottawa.ca/sirepub/meetresults.aspx?view=Search&startdate=2012-Jun-18&enddate=2013-Feb-23";"http://app05.ottawa.ca/sirepub/mtgviewer.aspx?meetid=2271&doctype=AGENDA";"http://app05.ottawa.ca/sirepub/view.aspx?cabinet=published_meetings&doctype=AGENDA&folderid=4492";"http://app05.ottawa.ca/sirepub/mtgviewer.aspx?meetid=2271&doctype=SUMMARY";"http://app05.ottawa.ca/sirepub/view.aspx?cabinet=published_meetings&doctype=SUMMARY&folderid=4492";"http://app05.ottawa.ca/sirepub/mtgviewer.aspx?meetid=2271&doctype=MINUTES";"http://app05.ottawa.ca/sirepub/view.aspx?cabinet=published_meetings&doctype=MINUTES&folderid=4492";NULL;"2271"
"73";"Community and Protective Services Committee";"2013-Jan-17";"9:30 AM";"2013-Jan-17 - 9:30 AM";"Marc Desjardins613 580 2424 ext 28821
                Email: marc.desjardins@ottawa.ca";"http://app05.ottawa.ca/sirepub/meetresults.aspx?view=Search&startdate=2012-Jun-18&enddate=2013-Feb-23";"http://app05.ottawa.ca/sirepub/mtgviewer.aspx?meetid=2438&doctype=AGENDA";"http://app05.ottawa.ca/sirepub/view.aspx?cabinet=published_meetings&doctype=AGENDA&folderid=4529";"http://app05.ottawa.ca/sirepub/mtgviewer.aspx?meetid=2438&doctype=SUMMARY";"http://app05.ottawa.ca/sirepub/view.aspx?cabinet=published_meetings&doctype=SUMMARY&folderid=4529";"http://app05.ottawa.ca/sirepub/mtgviewer.aspx?meetid=2438&doctype=MINUTES";"http://app05.ottawa.ca/sirepub/view.aspx?cabinet=published_meetings&doctype=MINUTES&folderid=4529";NULL;"2438"
"74";"Agriculture and Rural Affairs Committee";"2013-Jan-17";"1:30 PM";"2013-Jan-17 - 1:30 PM";"Marc Desjardins613-580-2424 x28821
                Email: Marc.Desjardins@ottawa.ca";"http://app05.ottawa.ca/sirepub/meetresults.aspx?view=Search&startdate=2012-Jun-18&enddate=2013-Feb-23";"http://app05.ottawa.ca/sirepub/mtgviewer.aspx?meetid=2431&doctype=AGENDA";"http://app05.ottawa.ca/sirepub/view.aspx?cabinet=published_meetings&doctype=AGENDA&folderid=4499";"http://app05.ottawa.ca/sirepub/mtgviewer.aspx?meetid=2431&doctype=SUMMARY";"http://app05.ottawa.ca/sirepub/view.aspx?cabinet=published_meetings&doctype=SUMMARY&folderid=4499";NULL;NULL;NULL;"2431"
"75";"Ottawa Built Heritage Advisory Committee";"2013-Jan-17";"6:00 PM";"2013-Jan-17 - 6:00 PM";"Kelly Sammon613-580-2424 ext. 16875
                Email: kelly.sammon@ottawa.ca";"http://app05.ottawa.ca/sirepub/meetresults.aspx?view=Search&startdate=2012-Jun-18&enddate=2013-Feb-23";"http://app05.ottawa.ca/sirepub/mtgviewer.aspx?meetid=2452&doctype=AGENDA";"http://app05.ottawa.ca/sirepub/view.aspx?cabinet=published_meetings&doctype=AGENDA&folderid=4530";NULL;NULL;NULL;NULL;NULL;"2452"
"76";"Finance and Economic Development Committee";"2013-Jan-21";"9:30 AM";"2013-Jan-21 - 9:30 AM";"Diane Blais613-580-2424 x28091
                Email: Diane.Blais@ottawa.ca";"http://app05.ottawa.ca/sirepub/meetresults.aspx?view=Search&startdate=2012-Jun-18&enddate=2013-Feb-23";"http://app05.ottawa.ca/sirepub/mtgviewer.aspx?meetid=2424&doctype=AGENDA";"http://app05.ottawa.ca/sirepub/view.aspx?cabinet=published_meetings&doctype=AGENDA&folderid=4607";"http://app05.ottawa.ca/sirepub/mtgviewer.aspx?meetid=2424&doctype=SUMMARY";"http://app05.ottawa.ca/sirepub/view.aspx?cabinet=published_meetings&doctype=SUMMARY&folderid=4607";"http://app05.ottawa.ca/sirepub/mtgviewer.aspx?meetid=2424&doctype=MINUTES";"http://app05.ottawa.ca/sirepub/view.aspx?cabinet=published_meetings&doctype=MINUTES&folderid=4607";NULL;"2424"
"77";"City Council";"2013-Jan-23";"10:00 AM";"2013-Jan-23 - 10:00 AM";"Dawn Whelan613-580-2424 x21837
                Email: Dawn.Whelan@ottawa.ca";"http://app05.ottawa.ca/sirepub/meetresults.aspx?view=Search&startdate=2012-Jun-18&enddate=2013-Feb-23";"http://app05.ottawa.ca/sirepub/mtgviewer.aspx?meetid=2480&doctype=AGENDA";"http://app05.ottawa.ca/sirepub/view.aspx?cabinet=published_meetings&doctype=AGENDA&folderid=4662";NULL;NULL;"http://app05.ottawa.ca/sirepub/mtgviewer.aspx?meetid=2480&doctype=MINUTES";"http://app05.ottawa.ca/sirepub/view.aspx?cabinet=published_meetings&doctype=MINUTES&folderid=4662";"<img src=""templates/classic/images/wmv.gif"" alt=""Windows Media Player"" border=""0"">";"2480"
"78";"Court of Revision- Resuming from December 13, 2012 and January 9, 2013.";"2013-Jan-30";"10:00 AM";"2013-Jan-30 - 10:00 AM";"Dawn Whelan613-580-2424 x21837
                Email: dawn.whelan@ottawa.ca";"http://app05.ottawa.ca/sirepub/meetresults.aspx?view=Search&startdate=2012-Jun-18&enddate=2013-Feb-23";"http://app05.ottawa.ca/sirepub/mtgviewer.aspx?meetid=2486&doctype=AGENDA";"http://app05.ottawa.ca/sirepub/view.aspx?cabinet=published_meetings&doctype=AGENDA&folderid=4730";NULL;NULL;NULL;NULL;NULL;"2486"
"79";"Finance and Economic Development Committee";"2013-Feb-05";"9:30 AM";"2013-Feb-05 - 9:30 AM";"Diane Blais613-580-2424 x28091
                Email: Diane.Blais@ottawa.ca";"http://app05.ottawa.ca/sirepub/meetresults.aspx?view=Search&startdate=2012-Jun-18&enddate=2013-Feb-23";"http://app05.ottawa.ca/sirepub/mtgviewer.aspx?meetid=2347&doctype=AGENDA";"http://app05.ottawa.ca/sirepub/view.aspx?cabinet=published_meetings&doctype=AGENDA&folderid=4742";"http://app05.ottawa.ca/sirepub/mtgviewer.aspx?meetid=2347&doctype=SUMMARY";"http://app05.ottawa.ca/sirepub/view.aspx?cabinet=published_meetings&doctype=SUMMARY&folderid=4742";NULL;NULL;"<img src=""templates/classic/images/wmv.gif"" alt=""Windows Media Player"" border=""0"">";"2347"
"80";"Transportation Committee";"2013-Feb-06";"9:30 AM";"2013-Feb-06 - 9:30 AM";"Rosemary Theriault(613) 580-2424 x21624
                Email: Rosemary.Theriault@ottawa.ca";"http://app05.ottawa.ca/sirepub/meetresults.aspx?view=Search&startdate=2012-Jun-18&enddate=2013-Feb-23";"http://app05.ottawa.ca/sirepub/mtgviewer.aspx?meetid=2233&doctype=AGENDA";"http://app05.ottawa.ca/sirepub/view.aspx?cabinet=published_meetings&doctype=AGENDA&folderid=4759";"http://app05.ottawa.ca/sirepub/mtgviewer.aspx?meetid=2233&doctype=SUMMARY";"http://app05.ottawa.ca/sirepub/view.aspx?cabinet=published_meetings&doctype=SUMMARY&folderid=4759";NULL;NULL;"<img src=""templates/classic/images/wmv.gif"" alt=""Windows Media Player"" border=""0"">";"2233"
"81";"Agriculture and Rural Affairs Committee";"2013-Feb-07";"9:30 AM";"2013-Feb-07 - 9:30 AM";"Marc Desjardins613-580-2424 ext. 28821
                Email: marc.desjardins@ottawa.ca";"http://app05.ottawa.ca/sirepub/meetresults.aspx?view=Search&startdate=2012-Jun-18&enddate=2013-Feb-23";"http://app05.ottawa.ca/sirepub/mtgviewer.aspx?meetid=2316&doctype=AGENDA";"http://app05.ottawa.ca/sirepub/view.aspx?cabinet=published_meetings&doctype=AGENDA&folderid=4770";"http://app05.ottawa.ca/sirepub/mtgviewer.aspx?meetid=2316&doctype=SUMMARY";"http://app05.ottawa.ca/sirepub/view.aspx?cabinet=published_meetings&doctype=SUMMARY&folderid=4770";NULL;NULL;"<img src=""templates/classic/images/wmv.gif"" alt=""Windows Media Player"" border=""0"">";"2316"
"82";"Planning Committee";"2013-Feb-12";"9:30 AM";"2013-Feb-12 - 9:30 AM";"Christopher Zwierzchowski613-580-2424, ext/poste 21359
                Email: christopher.zwierzchowski@ottawa.ca";"http://app05.ottawa.ca/sirepub/meetresults.aspx?view=Search&startdate=2012-Jun-18&enddate=2013-Feb-23";"http://app05.ottawa.ca/sirepub/mtgviewer.aspx?meetid=2326&doctype=AGENDA";"http://app05.ottawa.ca/sirepub/view.aspx?cabinet=published_meetings&doctype=AGENDA&folderid=4796";"http://app05.ottawa.ca/sirepub/mtgviewer.aspx?meetid=2326&doctype=SUMMARY";"http://app05.ottawa.ca/sirepub/view.aspx?cabinet=published_meetings&doctype=SUMMARY&folderid=4796";NULL;NULL;"<img src=""templates/classic/images/wmv.gif"" alt=""Windows Media Player"" border=""0"">";"2326"
"83";"City Council";"2013-Feb-13";"10:00 AM";"2013-Feb-13 - 10:00 AM";"Dawn Whelan613-580-2424 x21837
                Email: Dawn.Whelan@ottawa.ca";"http://app05.ottawa.ca/sirepub/meetresults.aspx?view=Search&startdate=2012-Jun-18&enddate=2013-Feb-23";"http://app05.ottawa.ca/sirepub/mtgviewer.aspx?meetid=2479&doctype=AGENDA";"http://app05.ottawa.ca/sirepub/view.aspx?cabinet=published_meetings&doctype=AGENDA&folderid=4855";"http://app05.ottawa.ca/sirepub/mtgviewer.aspx?meetid=2479&doctype=SUMMARY";"http://app05.ottawa.ca/sirepub/view.aspx?cabinet=published_meetings&doctype=SUMMARY&folderid=4855";NULL;NULL;"<img src=""templates/classic/images/wmv.gif"" alt=""Windows Media Player"" border=""0"">";"2479"
"84";"Environment Committee";"2013-Feb-19";"9:30 AM";"2013-Feb-19 - 9:30 AM";"Carole Legault613-580-2424 ext. 28934
                Email: Carolea.Legault@ottawa.ca";"http://app05.ottawa.ca/sirepub/meetresults.aspx?view=Search&startdate=2012-Jun-18&enddate=2013-Feb-23";"http://app05.ottawa.ca/sirepub/mtgviewer.aspx?meetid=2398&doctype=AGENDA";"http://app05.ottawa.ca/sirepub/view.aspx?cabinet=published_meetings&doctype=AGENDA&folderid=4866";"http://app05.ottawa.ca/sirepub/mtgviewer.aspx?meetid=2398&doctype=SUMMARY";"http://app05.ottawa.ca/sirepub/view.aspx?cabinet=published_meetings&doctype=SUMMARY&folderid=4866";NULL;NULL;"<img src=""templates/classic/images/wmv.gif"" alt=""Windows Media Player"" border=""0"">";"2398"
"85";"Transit Commission";"2013-Feb-20";"9:30 AM";"2013-Feb-20 - 9:30 AM";"Melody Duffenais613-580-2424, ext./poste 20113
                Email: melody.duffenais@ottawa.ca";"http://app05.ottawa.ca/sirepub/meetresults.aspx?view=Search&startdate=2012-Jun-18&enddate=2013-Feb-23";"http://app05.ottawa.ca/sirepub/mtgviewer.aspx?meetid=2272&doctype=AGENDA";"http://app05.ottawa.ca/sirepub/view.aspx?cabinet=published_meetings&doctype=AGENDA&folderid=4913";"http://app05.ottawa.ca/sirepub/mtgviewer.aspx?meetid=2272&doctype=SUMMARY";"http://app05.ottawa.ca/sirepub/view.aspx?cabinet=published_meetings&doctype=SUMMARY&folderid=4913";NULL;NULL;"<img src=""templates/classic/images/wmv.gif"" alt=""Windows Media Player"" border=""0"">";"2272"
"86";"Community and Protective Services Committee";"2013-Feb-21";"9:30 AM";"2013-Feb-21 - 9:30 AM";"Marc Desjardins613-580-2424 x28821
                Email: Marc.Desjardins@ottawa.ca";"http://app05.ottawa.ca/sirepub/meetresults.aspx?view=Search&startdate=2012-Jun-18&enddate=2013-Feb-23";"http://app05.ottawa.ca/sirepub/mtgviewer.aspx?meetid=2333&doctype=AGENDA";"http://app05.ottawa.ca/sirepub/view.aspx?cabinet=published_meetings&doctype=AGENDA&folderid=4880";"http://app05.ottawa.ca/sirepub/mtgviewer.aspx?meetid=2333&doctype=SUMMARY";"http://app05.ottawa.ca/sirepub/view.aspx?cabinet=published_meetings&doctype=SUMMARY&folderid=4880";NULL;NULL;NULL;"2333"
